Date,Total Amount
07/23,896542.40
08/23,303314.26
09/23,1072051.46
01/23,819684.62
10/22,887215.49
11/22,292203.35
12/22,735397.08
02/23,634770.10
03/23,572247.88
04/23,287699.89
05/23,771096.19
06/23,814158.81
