Date,Total Amount,Total Principal Funds Available,Comparison
01/23,819684.62,819684.62,Match
02/23,634770.1,634770.1,Match
03/23,572247.88,572247.88,Match
04/23,287699.89,287699.89,Match
05/23,771096.19,771096.19,Match
06/23,814158.81,814158.81,Match
07/23,896542.4,896542.4,Match
08/23,303314.26,303314.26,Match
09/23,1072051.46,1072051.46,Match
10/22,887215.49,887215.49,Match
11/22,292203.35,292203.35,Match
12/22,735397.08,735397.08,Match
